{
	"partitions" : [
		{
			"name" : "Top",
			"pins" : [
				{
					"name" : "Done",
					"strict" : false
				},
				{
					"name" : "seg[6]",
					"strict" : false
				},
				{
					"name" : "seg[5]",
					"strict" : false
				},
				{
					"name" : "seg[4]",
					"strict" : false
				},
				{
					"name" : "seg[3]",
					"strict" : false
				},
				{
					"name" : "seg[2]",
					"strict" : false
				},
				{
					"name" : "seg[1]",
					"strict" : false
				},
				{
					"name" : "seg[0]",
					"strict" : false
				},
				{
					"name" : "cat[0]",
					"strict" : false
				},
				{
					"name" : "cat[1]",
					"strict" : false
				},
				{
					"name" : "cat[2]",
					"strict" : false
				},
				{
					"name" : "cat[3]",
					"strict" : false
				},
				{
					"name" : "LEDR[0]",
					"strict" : false
				},
				{
					"name" : "LEDR[1]",
					"strict" : false
				},
				{
					"name" : "LEDR[2]",
					"strict" : false
				},
				{
					"name" : "LEDR[3]",
					"strict" : false
				},
				{
					"name" : "LEDR[4]",
					"strict" : false
				},
				{
					"name" : "LEDR[5]",
					"strict" : false
				},
				{
					"name" : "LEDR[6]",
					"strict" : false
				},
				{
					"name" : "LEDR[7]",
					"strict" : false
				},
				{
					"name" : "LEDR[8]",
					"strict" : false
				},
				{
					"name" : "LEDR[9]",
					"strict" : false
				},
				{
					"name" : "Start",
					"strict" : false
				},
				{
					"name" : "CLK",
					"strict" : false
				},
				{
					"name" : "select[0]",
					"strict" : false
				},
				{
					"name" : "select[1]",
					"strict" : false
				},
				{
					"name" : "Reset",
					"strict" : false
				},
				{
					"name" : "in[4]",
					"strict" : false
				},
				{
					"name" : "LoadB",
					"strict" : false
				},
				{
					"name" : "in[0]",
					"strict" : false
				},
				{
					"name" : "in[5]",
					"strict" : false
				},
				{
					"name" : "in[1]",
					"strict" : false
				},
				{
					"name" : "in[6]",
					"strict" : false
				},
				{
					"name" : "in[2]",
					"strict" : false
				},
				{
					"name" : "in[7]",
					"strict" : false
				},
				{
					"name" : "in[3]",
					"strict" : false
				},
				{
					"name" : "LoadALower",
					"strict" : false
				},
				{
					"name" : "LoadAUpper",
					"strict" : false
				}
			]
		}
	]
}